{"text": " Okay, so, komm mal, also check jetzt alles nach, es ist wichtig, dass du im Prinzip alles radias, die Tech soll theoretisch mit jedem Coin jetzt einfach m\u00f6glich sein. Also was ich meine, mit jedem Coin ist, also wir m\u00fcssen im Prinzip, m\u00fcsst ihr jetzt alles funktionieren, das einzige, was noch nicht funktioniert, ist Beiback, weil er braucht ja eine gewisse CA um den Beiback machen zu k\u00f6nnen. Das hei\u00dft, wir m\u00fcssen jetzt einen Coin launchen, damit wir dann das gesamte Fertig haben, oder fehlt dann noch was, so dass du irgendwie bei AROEF m\u00fcssen wir noch irgendwelche API-Sachen, oder die Docs rausholen oder irgendwas des Register oder oder oder, also diese ganzen Sachen sozusagen musst du jetzt irgendwie alles fest haben.", "segments": [{"id": 0, "seek": 0, "start": 0.0, "end": 6.640000000000001, "text": " Okay, so, komm mal, also check jetzt alles nach, es ist wichtig, dass du im Prinzip alles", "tokens": [50364, 1033, 11, 370, 11, 6669, 2806, 11, 611, 1520, 4354, 7874, 5168, 11, 785, 1418, 13621, 11, 2658, 1581, 566, 47572, 7874, 50696], "temperature": 0.0, "avg_logprob": -0.3667524254840353, "compression_ratio": 1.7072243346007605, "no_speech_prob": 0.2318488210439682}, {"id": 1, "seek": 0, "start": 6.640000000000001, "end": 13.52, "text": " radias, die Tech soll theoretisch mit jedem Coin jetzt einfach m\u00f6glich sein. Also was", "tokens": [50696, 2843, 4609, 11, 978, 13795, 7114, 14308, 5494, 2194, 36538, 39054, 4354, 7281, 16294, 6195, 13, 2743, 390, 51040], "temperature": 0.0, "avg_logprob": -0.3667524254840353, "compression_ratio": 1.7072243346007605, "no_speech_prob": 0.2318488210439682}, {"id": 2, "seek": 0, "start": 13.52, "end": 20.48, "text": " ich meine, mit jedem Coin ist, also wir m\u00fcssen im Prinzip, m\u00fcsst ihr jetzt alles funktionieren,", "tokens": [51040, 1893, 10946, 11, 2194, 36538, 39054, 1418, 11, 611, 1987, 9013, 566, 47572, 11, 49481, 5553, 4354, 7874, 20454, 5695, 11, 51388], "temperature": 0.0, "avg_logprob": -0.3667524254840353, "compression_ratio": 1.7072243346007605, "no_speech_prob": 0.2318488210439682}, {"id": 3, "seek": 0, "start": 20.48, "end": 25.52, "text": " das einzige, was noch nicht funktioniert, ist Beiback, weil er braucht ja eine gewisse CA", "tokens": [51388, 1482, 47743, 11, 390, 3514, 1979, 26160, 11, 1418, 879, 897, 501, 11, 7689, 1189, 22623, 2784, 3018, 6906, 7746, 22852, 51640], "temperature": 0.0, "avg_logprob": -0.3667524254840353, "compression_ratio": 1.7072243346007605, "no_speech_prob": 0.2318488210439682}, {"id": 4, "seek": 0, "start": 25.52, "end": 29.96, "text": " um den Beiback machen zu k\u00f6nnen. Das hei\u00dft, wir m\u00fcssen jetzt einen Coin launchen,", "tokens": [51640, 1105, 1441, 879, 897, 501, 7069, 2164, 6310, 13, 2846, 13139, 11, 1987, 9013, 4354, 4891, 39054, 635, 409, 2470, 11, 51862], "temperature": 0.0, "avg_logprob": -0.3667524254840353, "compression_ratio": 1.7072243346007605, "no_speech_prob": 0.2318488210439682}, {"id": 5, "seek": 2996, "start": 30.84, "end": 35.44, "text": " damit wir dann das gesamte Fertig haben, oder fehlt dann noch was, so dass du irgendwie", "tokens": [50408, 9479, 1987, 3594, 1482, 39746, 975, 479, 911, 328, 3084, 11, 4513, 47994, 3594, 3514, 390, 11, 370, 2658, 1581, 20759, 50638], "temperature": 0.0, "avg_logprob": -0.4864696345917166, "compression_ratio": 1.5, "no_speech_prob": 0.003264783648774028}, {"id": 6, "seek": 2996, "start": 35.44, "end": 41.96, "text": " bei AROEF m\u00fcssen wir noch irgendwelche API-Sachen, oder die Docs rausholen oder irgendwas des Register", "tokens": [50638, 4643, 316, 7142, 36, 37, 9013, 1987, 3514, 26455, 338, 1876, 9362, 12, 50, 11646, 11, 4513, 978, 16024, 82, 17202, 5449, 268, 4513, 47090, 730, 4791, 1964, 50964], "temperature": 0.0, "avg_logprob": -0.4864696345917166, "compression_ratio": 1.5, "no_speech_prob": 0.003264783648774028}, {"id": 7, "seek": 2996, "start": 41.96, "end": 47.24, "text": " oder oder oder, also diese ganzen Sachen sozusagen musst du jetzt irgendwie alles fest haben.", "tokens": [50964, 4513, 4513, 4513, 11, 611, 6705, 23966, 26074, 33762, 31716, 1581, 4354, 20759, 7874, 6633, 3084, 13, 51228], "temperature": 0.0, "avg_logprob": -0.4864696345917166, "compression_ratio": 1.5, "no_speech_prob": 0.003264783648774028}], "language": "German"}