{"text": " Nein, also macht das so, dass alles \u00fcber X402 l\u00e4uft, weil diese ganzen Agents, ich sehe Solana, Stablecoin, USDC, Circle, Canon, Base, Deployer, also Banker und sowas diese ganzen Leute, posten die ganze Zeit der 402, X402, X402, unsere Tech muss ja komplett so off funktionieren mit den Agents oder nicht, macht so das was an, also wenn wir jetzt Escape bekommen auf unsere Treasury wallet, das kann ja automatisch mehr kaufen, es geht darum, dass das so ist, dass wir bei R-Weef sauber bezeichnen k\u00f6nnen oder dass die Agents selbst zu, alles muss so sein, dass Agents einfach selbst kommen und das bezeichnen k\u00f6nnen mit ihren X402, ich finde so, weil es und zimplierend ich X402 ist dann irgendwie ein Fatschtern, ich sehe so, es muss ja Agents freundlich im Prinzip sein.", "segments": [{"id": 0, "seek": 0, "start": 0.0, "end": 6.72, "text": " Nein, also macht das so, dass alles \u00fcber X402 l\u00e4uft, weil diese ganzen Agents, ich sehe", "tokens": [50364, 18878, 11, 611, 10857, 1482, 370, 11, 2658, 7874, 4502, 1783, 5254, 17, 31807, 11, 7689, 6705, 23966, 2725, 791, 11, 1893, 35995, 50700], "temperature": 0.0, "avg_logprob": -0.38222687461159444, "compression_ratio": 1.492063492063492, "no_speech_prob": 0.24666249752044678}, {"id": 1, "seek": 0, "start": 6.72, "end": 15.08, "text": " Solana, Stablecoin, USDC, Circle, Canon, Base, Deployer, also Banker und sowas diese ganzen", "tokens": [50700, 7026, 2095, 11, 745, 712, 8562, 11, 24375, 34, 11, 29381, 11, 27666, 11, 21054, 11, 1346, 2384, 260, 11, 611, 8915, 260, 674, 19766, 296, 6705, 23966, 51118], "temperature": 0.0, "avg_logprob": -0.38222687461159444, "compression_ratio": 1.492063492063492, "no_speech_prob": 0.24666249752044678}, {"id": 2, "seek": 0, "start": 15.08, "end": 20.84, "text": " Leute, posten die ganze Zeit der 402, X402, X402, unsere Tech muss ja komplett so off funktionieren", "tokens": [51118, 13495, 11, 2183, 268, 978, 18898, 9394, 1163, 3356, 17, 11, 1783, 5254, 17, 11, 1783, 5254, 17, 11, 14339, 13795, 6425, 2784, 32261, 370, 766, 20454, 5695, 51406], "temperature": 0.0, "avg_logprob": -0.38222687461159444, "compression_ratio": 1.492063492063492, "no_speech_prob": 0.24666249752044678}, {"id": 3, "seek": 0, "start": 20.84, "end": 27.240000000000002, "text": " mit den Agents oder nicht, macht so das was an, also wenn wir jetzt Escape bekommen auf unsere", "tokens": [51406, 2194, 1441, 2725, 791, 4513, 1979, 11, 10857, 370, 1482, 390, 364, 11, 611, 4797, 1987, 4354, 42960, 19256, 2501, 14339, 51726], "temperature": 0.0, "avg_logprob": -0.38222687461159444, "compression_ratio": 1.492063492063492, "no_speech_prob": 0.24666249752044678}, {"id": 4, "seek": 2724, "start": 27.24, "end": 32.339999999999996, "text": " Treasury wallet, das kann ja automatisch mehr kaufen, es geht darum, dass das so ist, dass wir", "tokens": [50364, 34113, 16599, 11, 1482, 4028, 2784, 28034, 5494, 5417, 42083, 11, 785, 7095, 27313, 11, 2658, 1482, 370, 1418, 11, 2658, 1987, 50619], "temperature": 0.0, "avg_logprob": -0.5482576702712872, "compression_ratio": 1.6147186147186148, "no_speech_prob": 0.103274405002594}, {"id": 5, "seek": 2724, "start": 32.339999999999996, "end": 36.12, "text": " bei R-Weef sauber bezeichnen k\u00f6nnen oder dass die Agents selbst zu, alles muss so sein, dass", "tokens": [50619, 4643, 497, 12, 54, 1653, 69, 601, 10261, 312, 32338, 2866, 6310, 4513, 2658, 978, 2725, 791, 13053, 2164, 11, 7874, 6425, 370, 6195, 11, 2658, 50808], "temperature": 0.0, "avg_logprob": -0.5482576702712872, "compression_ratio": 1.6147186147186148, "no_speech_prob": 0.103274405002594}, {"id": 6, "seek": 2724, "start": 36.12, "end": 40.839999999999996, "text": " Agents einfach selbst kommen und das bezeichnen k\u00f6nnen mit ihren X402, ich finde so, weil es", "tokens": [50808, 2725, 791, 7281, 13053, 11729, 674, 1482, 312, 32338, 2866, 6310, 2194, 22347, 1783, 5254, 17, 11, 1893, 17841, 370, 11, 7689, 785, 51044], "temperature": 0.0, "avg_logprob": -0.5482576702712872, "compression_ratio": 1.6147186147186148, "no_speech_prob": 0.103274405002594}, {"id": 7, "seek": 2724, "start": 40.839999999999996, "end": 44.78, "text": " und zimplierend ich X402 ist dann irgendwie ein Fatschtern, ich sehe so, es muss ja Agents", "tokens": [51044, 674, 710, 332, 564, 811, 521, 1893, 1783, 5254, 17, 1418, 3594, 20759, 1343, 479, 1720, 339, 2231, 11, 1893, 35995, 370, 11, 785, 6425, 2784, 2725, 791, 51241], "temperature": 0.0, "avg_logprob": -0.5482576702712872, "compression_ratio": 1.6147186147186148, "no_speech_prob": 0.103274405002594}, {"id": 8, "seek": 4478, "start": 44.78, "end": 46.18, "text": " freundlich im Prinzip sein.", "tokens": [50364, 2130, 997, 1739, 566, 47572, 6195, 13, 50434], "temperature": 0.0, "avg_logprob": -0.6455364227294922, "compression_ratio": 0.7714285714285715, "no_speech_prob": 0.7255797386169434}], "language": "German"}